{
  "2.0TD": {
    "precios": [0.03, 0.226, 0.15, 0.124, 0, 0, 0],
    "horas": [3, 3, 3, 3, 3, 3, 3, 3, 2, 2, 1, 1, 1, 2, 2, 2, 2, 2, 1, 1, 1, 2, 2, 2],
    "potencia": [0.082011, 0.008096]
  },
  "3.0TD-Peninsula": {
    "precios": [0.03, 0.171, 0.154, 0.125, 0.113, 0.11, 0.125],
    "potencia": [0.055827, 0.029089, 0.012278, 0.010647, 0.006887, 0.003951],
    "horas": [
      [6, 6, 6, 6, 6, 6, 6, 6, 2, 1, 1, 1, 1, 1, 2, 2, 2, 2, 1, 1, 1, 1, 2, 2],
      [6, 6, 6, 6, 6, 6, 6, 6, 2, 1, 1, 1, 1, 1, 2, 2, 2, 2, 1, 1, 1, 1, 2, 2],
      [6, 6, 6, 6, 6, 6, 6, 6, 3, 2, 2, 2, 2, 2, 3, 3, 3, 3, 2, 2, 2, 2, 3, 3],
      [6, 6, 6, 6, 6, 6, 6, 6, 5, 4, 4, 4, 4, 4, 5, 5, 5, 5, 4, 4, 4, 4, 5, 5],
      [6, 6, 6, 6, 6, 6, 6, 6, 5, 4, 4, 4, 4, 4, 5, 5, 5, 5, 4, 4, 4, 4, 5, 5],
      [6, 6, 6, 6, 6, 6, 6, 6, 4, 3, 3, 3, 3, 3, 4, 4, 4, 4, 3, 3, 3, 3, 4, 4],
      [6, 6, 6, 6, 6, 6, 6, 6, 2, 1, 1, 1, 1, 1, 2, 2, 2, 2, 1, 1, 1, 1, 2, 2],
      [6, 6, 6, 6, 6, 6, 6, 6, 4, 3, 3, 3, 3, 3, 4, 4, 4, 4, 3, 3, 3, 3, 4, 4],
      [6, 6, 6, 6, 6, 6, 6, 6, 4, 3, 3, 3, 3, 3, 4, 4, 4, 4, 3, 3, 3, 3, 4, 4],
      [6, 6, 6, 6, 6, 6, 6, 6, 5, 4, 4, 4, 4, 4, 5, 5, 5, 5, 4, 4, 4, 4, 5, 5],
      [6, 6, 6, 6, 6, 6, 6, 6, 3, 2, 2, 2, 2, 2, 3, 3, 3, 3, 2, 2, 2, 2, 3, 3],
      [6, 6, 6, 6, 6, 6, 6, 6, 2, 1, 1, 1, 1, 1, 2, 2, 2, 2, 1, 1, 1, 1, 2, 2]
    ]
  },
  "3.0TD-Ceuta": {
    "precios": [0.05, 0.202, 0.163, 0.165, 0.134, 0.105, 0.122],
    "potencia": [0.055827, 0.029089, 0.012278, 0.010647, 0.006887, 0.003951],
    "horas": [
      [6, 6, 6, 6, 6, 6, 6, 6, 4, 4, 1, 1, 1, 1, 1, 4, 4, 4, 4, 1, 1, 1, 1, 4],
      [6, 6, 6, 6, 6, 6, 6, 6, 4, 4, 1, 1, 1, 1, 1, 4, 4, 4, 4, 1, 1, 1, 1, 4],
      [6, 6, 6, 6, 6, 6, 6, 6, 3, 3, 2, 2, 2, 2, 2, 3, 3, 3, 3, 2, 2, 2, 2, 4],
      [6, 6, 6, 6, 6, 6, 6, 6, 5, 5, 3, 3, 3, 3, 3, 5, 5, 5, 5, 3, 3, 3, 3, 5],
      [6, 6, 6, 6, 6, 6, 6, 6, 5, 5, 3, 3, 3, 3, 3, 5, 5, 5, 5, 3, 3, 3, 3, 5],
      [6, 6, 6, 6, 6, 6, 6, 6, 5, 5, 3, 3, 3, 3, 3, 5, 5, 5, 5, 3, 3, 3, 3, 5],
      [6, 6, 6, 6, 6, 6, 6, 6, 3, 3, 2, 2, 2, 2, 2, 3, 3, 3, 3, 2, 2, 2, 2, 3],
      [6, 6, 6, 6, 6, 6, 6, 6, 4, 4, 1, 1, 1, 1, 1, 4, 4, 4, 4, 1, 1, 1, 1, 4],
      [6, 6, 6, 6, 6, 6, 6, 6, 4, 4, 1, 1, 1, 1, 1, 4, 4, 4, 4, 1, 1, 1, 1, 4],
      [6, 6, 6, 6, 6, 6, 6, 6, 3, 3, 2, 2, 2, 2, 2, 3, 3, 3, 3, 2, 2, 2, 2, 3],
      [6, 6, 6, 6, 6, 6, 6, 6, 3, 3, 2, 2, 2, 2, 2, 3, 3, 3, 3, 2, 2, 2, 2, 4],
      [6, 6, 6, 6, 6, 6, 6, 6, 3, 3, 2, 2, 2, 2, 2, 3, 3, 3, 3, 2, 2, 2, 2, 4]
    ]
  },
  "3.0TD-Melilla": {
    "precios": [0.05, 0.202, 0.163, 0.165, 0.134, 0.105, 0.122],
    "potencia": [0.055827, 0.029089, 0.012278, 0.010647, 0.006887, 0.003951],
    "horas": [
      [6, 6, 6, 6, 6, 6, 6, 6, 2, 2, 1, 1, 1, 1, 1, 2, 2, 2, 2, 1, 1, 1, 1, 2],
      [6, 6, 6, 6, 6, 6, 6, 6, 3, 3, 2, 2, 2, 2, 2, 3, 3, 3, 3, 2, 2, 2, 2, 3],
      [6, 6, 6, 6, 6, 6, 6, 6, 5, 5, 4, 4, 4, 4, 4, 5, 5, 5, 5, 4, 4, 4, 4, 5],
      [6, 6, 6, 6, 6, 6, 6, 6, 5, 5, 4, 4, 4, 4, 4, 5, 5, 5, 5, 4, 4, 4, 4, 5],
      [6, 6, 6, 6, 6, 6, 6, 6, 5, 5, 4, 4, 4, 4, 4, 5, 5, 5, 5, 4, 4, 4, 4, 5],
      [6, 6, 6, 6, 6, 6, 6, 6, 4, 4, 3, 3, 3, 3, 3, 4, 4, 4, 4, 3, 3, 3, 3, 4],
      [6, 6, 6, 6, 6, 6, 6, 6, 2, 2, 1, 1, 1, 1, 1, 2, 2, 2, 2, 1, 1, 1, 1, 2],
      [6, 6, 6, 6, 6, 6, 6, 6, 2, 2, 1, 1, 1, 1, 1, 2, 2, 2, 2, 1, 1, 1, 1, 2],
      [6, 6, 6, 6, 6, 6, 6, 6, 2, 2, 1, 1, 1, 1, 1, 2, 2, 2, 2, 1, 1, 1, 1, 2],
      [6, 6, 6, 6, 6, 6, 6, 6, 4, 4, 3, 3, 3, 3, 3, 4, 4, 4, 4, 3, 3, 3, 3, 4],
      [6, 6, 6, 6, 6, 6, 6, 6, 4, 4, 3, 3, 3, 3, 3, 4, 4, 4, 4, 3, 3, 3, 3, 4],
      [6, 6, 6, 6, 6, 6, 6, 6, 3, 3, 2, 2, 2, 2, 2, 3, 3, 3, 3, 2, 2, 2, 2, 3]
    ]
  },
  "3.0TD-Islas Baleares": {
    "precios": [0.05, 0.202, 0.163, 0.165, 0.134, 0.105, 0.122],
    "potencia": [0.055827, 0.029089, 0.012278, 0.010647, 0.006887, 0.003951],
    "horas": [
      [6, 6, 6, 6, 6, 6, 6, 6, 4, 4, 3, 3, 3, 3, 3, 4, 4, 4, 3, 3, 3, 3, 4, 4],
      [6, 6, 6, 6, 6, 6, 6, 6, 4, 4, 3, 3, 3, 3, 3, 4, 4, 4, 3, 3, 3, 3, 4, 4],
      [6, 6, 6, 6, 6, 6, 6, 6, 5, 5, 4, 4, 4, 4, 4, 5, 5, 5, 4, 4, 4, 4, 5, 5],
      [6, 6, 6, 6, 6, 6, 6, 6, 5, 5, 4, 4, 4, 4, 4, 5, 5, 5, 4, 4, 4, 4, 5, 5],
      [6, 6, 6, 6, 6, 6, 6, 6, 3, 3, 2, 2, 2, 2, 2, 3, 3, 3, 2, 2, 2, 2, 3, 3],
      [6, 6, 6, 6, 6, 6, 6, 6, 2, 2, 1, 1, 1, 1, 1, 2, 2, 2, 1, 1, 1, 1, 2, 2],
      [6, 6, 6, 6, 6, 6, 6, 6, 2, 2, 1, 1, 1, 1, 1, 2, 2, 2, 1, 1, 1, 1, 2, 2],
      [6, 6, 6, 6, 6, 6, 6, 6, 2, 2, 1, 1, 1, 1, 1, 2, 2, 2, 1, 1, 1, 1, 2, 2],
      [6, 6, 6, 6, 6, 6, 6, 6, 2, 2, 1, 1, 1, 1, 1, 2, 2, 2, 1, 1, 1, 1, 2, 2],
      [6, 6, 6, 6, 6, 6, 6, 6, 3, 3, 2, 2, 2, 2, 2, 3, 3, 3, 2, 2, 2, 2, 3, 3],
      [6, 6, 6, 6, 6, 6, 6, 6, 5, 5, 4, 4, 4, 4, 4, 5, 5, 5, 4, 4, 4, 4, 5, 5],
      [6, 6, 6, 6, 6, 6, 6, 6, 4, 4, 3, 3, 3, 3, 3, 4, 4, 4, 3, 3, 3, 3, 4, 4]
    ]
  },
  "3.0TD-Canarias": {
    "precios": [0.05, 0.202, 0.163, 0.165, 0.134, 0.105, 0.122],
    "potencia": [0.055827, 0.029089, 0.012278, 0.010647, 0.006887, 0.003951],
    "horas": [
      [6, 6, 6, 6, 6, 6, 6, 6, 4, 4, 2, 2, 2, 2, 2, 4, 4, 4, 2, 2, 2, 2, 4, 4],
      [6, 6, 6, 6, 6, 6, 6, 6, 4, 4, 2, 2, 2, 2, 2, 4, 4, 4, 2, 2, 2, 2, 4, 4],
      [6, 6, 6, 6, 6, 6, 6, 6, 4, 4, 2, 2, 2, 2, 2, 4, 4, 4, 2, 2, 2, 2, 4, 4],
      [6, 6, 6, 6, 6, 6, 6, 6, 5, 5, 4, 4, 4, 4, 4, 5, 5, 5, 4, 4, 4, 4, 5, 5],
      [6, 6, 6, 6, 6, 6, 6, 6, 5, 5, 4, 4, 4, 4, 4, 5, 5, 5, 4, 4, 4, 4, 5, 5],
      [6, 6, 6, 6, 6, 6, 6, 6, 5, 5, 4, 4, 4, 4, 4, 5, 5, 5, 4, 4, 4, 4, 5, 5],
      [6, 6, 6, 6, 6, 6, 6, 6, 3, 3, 1, 1, 1, 1, 1, 3, 3, 3, 1, 1, 1, 1, 3, 3],
      [6, 6, 6, 6, 6, 6, 6, 6, 3, 3, 1, 1, 1, 1, 1, 3, 3, 3, 1, 1, 1, 1, 3, 3],
      [6, 6, 6, 6, 6, 6, 6, 6, 3, 3, 1, 1, 1, 1, 1, 3, 3, 3, 1, 1, 1, 1, 3, 3],
      [6, 6, 6, 6, 6, 6, 6, 6, 3, 3, 1, 1, 1, 1, 1, 3, 3, 3, 1, 1, 1, 1, 3, 3],
      [6, 6, 6, 6, 6, 6, 6, 6, 3, 3, 2, 2, 2, 2, 2, 3, 3, 3, 2, 2, 2, 2, 3, 3],
      [6, 6, 6, 6, 6, 6, 6, 6, 3, 3, 2, 2, 2, 2, 2, 3, 3, 3, 2, 2, 2, 2, 3, 3]
    ]
  }
}
